{
  "Tool Call": {
    "volatilities": [
      0.15,
      0.22,
      0.18,
      0.25
    ],
    "correlation_matrix": [
      1.0,
      0.3,
      0.1,
      0.2,
      0.3,
      1.0,
      0.4,
      0.15,
      0.1,
      0.4,
      1.0,
      0.25,
      0.2,
      0.15,
      0.25,
      1.0
    ],
    "shrinkage_method": "ledoit_wolf"
  },
  "Return Data": {
    "covariance_matrix": [
      0.0225,
      0.0099,
      0.0027,
      0.0075,
      0.0099,
      0.0484,
      0.01584,
      0.00825,
      0.0027,
      0.01584,
      0.0324,
      0.01125,
      0.0075,
      0.00825,
      0.01125,
      0.0625
    ],
    "condition_number": 12.45,
    "is_positive_definite": true,
    "shrinkage_applied": 0.23
  }
}