{
  "Tool Call": {
    "returns_matrix": [
      [
        0.02,
        -0.01,
        0.03,
        0.015,
        -0.008,
        0.025,
        0.012,
        -0.005,
        0.018,
        0.009,
        -0.012,
        0.022,
        0.007,
        -0.018,
        0.031,
        0.004,
        -0.015,
        0.026,
        0.013,
        -0.009,
        0.019,
        0.008,
        -0.022,
        0.028,
        0.011,
        -0.006,
        0.017,
        0.014,
        -0.011,
        0.024,
        0.005,
        -0.019,
        0.033
      ],
      [
        -0.015,
        0.028,
        -0.012,
        0.019,
        0.006,
        -0.023,
        0.016,
        0.009,
        -0.014,
        0.021,
        0.003,
        -0.026,
        0.018,
        0.012,
        -0.017,
        0.025,
        0.008,
        -0.013,
        0.02,
        0.007,
        -0.024,
        0.015,
        0.01,
        -0.018,
        0.023,
        0.004,
        -0.016,
        0.027,
        0.011,
        -0.02,
        0.014,
        0.006,
        -0.025
      ],
      [
        0.008,
        0.015,
        -0.022,
        0.011,
        0.026,
        -0.007,
        0.018,
        -0.013,
        0.024,
        -0.005,
        0.016,
        0.009,
        -0.021,
        0.013,
        0.028,
        -0.01,
        0.019,
        -0.014,
        0.025,
        -0.006,
        0.017,
        0.012,
        -0.023,
        0.014,
        0.029,
        -0.008,
        0.02,
        -0.015,
        0.026,
        -0.004,
        0.018,
        0.01,
        -0.024
      ]
    ],
    "estimation_method": "shrinkage",
    "shrinkage_target": "constant_correlation",
    "decay_factor": 0.9
  },
  "Return Data": {
    "covariance_matrix": [
      [
        0.000324,
        8.9e-05,
        0.000156
      ],
      [
        8.9e-05,
        0.000298,
        0.000112
      ],
      [
        0.000156,
        0.000112,
        0.000367
      ]
    ],
    "correlation_matrix": [
      [
        1.0,
        0.287,
        0.452
      ],
      [
        0.287,
        1.0,
        0.339
      ],
      [
        0.452,
        0.339,
        1.0
      ]
    ],
    "eigenvalues": [
      0.000612,
      0.000267,
      0.00011
    ],
    "condition_number": 5.56
  }
}